{"geocoding_data":{"address":"2244 TARAVAL ST, San Francisco, CA","location":{"x":-13635572.627741,"y":4543134.2961136},"score":100,"attributes":{"Loc_name":"eas"},"extent":{"xmin":-13635772.627741,"ymin":4542934.2961136,"xmax":-13635372.627741,"ymax":4543334.2961136},"boundary_match":false}}