{"geocoding_data":{"address":"4053 18TH ST, San Francisco","location":{"x":-13629293.11924395,"y":4545683.891492538},"score":100,"attributes":{}}}