{"gis_data":{"address":"1222 HARRISON ST, San Francisco, California, 94103","location":{"x":-13626517.066330288,"y":4547486.355136148},"score":100,"attributes":{"Loc_name":"eas_gc"},"extent":{"xmin":-13626628.385821082,"ymin":4547345.52338426,"xmax":-13626405.746839494,"ymax":4547627.188792837},"boundary_match":true}}