{"gis_data":{"address":"2244 TARAVAL ST, San Francisco, CA","location":{"x":-13635572.627741044,"y":4543134.296113598},"score":100,"attributes":{"Loc_name":"eas"},"extent":{"xmin":-13635772.627741044,"ymin":4542934.296113598,"xmax":-13635372.627741044,"ymax":4543334.296113598},"boundary_match":false}}