{"gis_data":{"address":"1222 HARRISON ST, San Francisco, CA","location":{"x":-13626517.284002636,"y":4547486.548391391},"score":100,"attributes":{"Loc_name":"eas"},"extent":{"xmin":-13626717.284002636,"ymin":4547286.548391391,"xmax":-13626317.284002636,"ymax":4547686.548391391},"boundary_match":true}}