{"gis_data":{"address":"2244 TARAVAL ST, San Francisco, California, 94116","location":{"x":-13635572.517288102,"y":4543134.688827547},"score":100,"attributes":{"Loc_name":"addr_pt"},"extent":{"xmin":-122.491432,"ymin":37.741652,"xmax":-122.489432,"ymax":37.743652},"boundary_match":false}}